Enter Company Name(s),Choose Summary Style,Latest News Summary,timestamp
hi,formal,ğŸ‘‹ Hey there! I'm your smart news bot. Just type a company name and I'll get the latest news for you!,2025-08-05 14:28:38.887783
tesla,bullet,"ğŸ” **Tesla News**
â€¢ Teslaâ€™s new Robotaxi geofence shape is an FU by Elon Musk to the competition
â€¢ Maybe it's all pareidolia
â€¢ But maybe it's not
â€¢ After all, Tesla embraced the first geoffence expansion for what it appeared
ğŸ”— [Read more](https://www.teslarati.com/)
â€¢ Teslaâ€™s new Robotaxi geofence shape is an FU by Elon Musk to the competition
â€¢ Maybe it's all pareidolia
â€¢ But maybe it's not
â€¢ After all, Tesla embraced the first geoffence expansion for what it appeared to be
ğŸ”— [Read more](https://www.teslarati.com/latest-tesla-news/)
â€¢ Teslaâ€™s new Robotaxi geofence shape is an FU by Elon Musk to the competition
ğŸ”— [Read more](https://www.teslarati.com/category/news/)",2025-08-05 14:36:14.568599
